divsRank,school,year,points,divsSpeed,isRelay,divsTimePctOfMean,divsSpeedDiffFromMean,clipped_divsRank
1,3,2019,0,1.4880952380952381,False,0.9312638580931265,0.0959137503788201,1
2,57,2019,0,1.4877631481068214,False,0.9314717294900222,0.09558166039040339,2
3,26,2019,0,1.4449822989668377,False,0.95904933481153,0.05280081125041969,3
4,18,2019,0,1.440299582313121,False,0.9621674057649668,0.04811809459670302,4
5,57,2019,0,1.4364720247073188,False,0.9647311529933481,0.0442905369909008,5
6,35,2019,0,1.3100150651732494,False,1.057857538802661,-0.08216642254316864,6
7,30,2019,0,1.305909239307868,False,1.0611834811529934,-0.08627224840855008,7
8,48,2019,0,1.2239153050608897,False,1.1322754988913526,-0.16826618265552828,8
1,57,2019,0,1.491869312248247,False,0.8820462209063245,0.162716400156955,1
2,49,2019,0,1.4485405953501849,False,0.9084299695698659,0.11938768325889293,2
3,3,2019,0,1.445086705202312,False,0.9106012007566412,0.11593379311102003,3
4,17,2019,0,1.4150275930380642,False,0.9299448967842749,0.08587468094677231,4
5,3,2019,0,1.2770576591533107,False,1.0304136853359651,-0.05209525293798123,5
6,35,2019,0,1.2663838409421895,False,1.039098610083066,-0.06276907114910246,6
7,46,2019,0,1.1555350127108852,False,1.1387778600213831,-0.17361789938040673,7
8,39,2019,0,1.1337225780851425,False,1.1606875565424788,-0.1954303340061494,8
1,3,2019,0,1.5923566878980893,False,0.6927935133346204,0.47333615551830843,1
2,33,2019,0,1.4128284826222097,False,0.780826829201026,0.2938079502424289,2
3,48,2019,0,1.320306311064167,False,0.8355442786618494,0.20128577868438624,3
4,30,2019,0,1.2242899118511263,False,0.901072837088723,0.10526937947134551,4
5,35,2019,0,1.2071463061323031,False,0.9138696599464962,0.08812577375252229,5
6,52,2019,0,1.2010569300984866,False,0.9185029923605175,0.08203639771870574,6
7,33,2019,0,1.1574074074074074,False,0.9531426680272486,0.03838687502762661,7
8,18,2019,0,1.155535012710885,False,0.9546871121652557,0.03651448033110416,8
9,26,2019,0,1.1291779584462511,False,0.9769712347279297,0.010157426066470299,9
10,33,2019,0,1.0663254425250586,False,1.0345569375879093,-0.052695089854722266,10
10,16,2019,0,1.0663254425250586,False,1.0345569375879093,-0.052695089854722266,10
12,49,2019,0,1.0658708164570454,False,1.0349982073416255,-0.05314971592273543,12
13,67,2019,0,1.0462439840970914,False,1.0544140765051435,-0.07277654828268942,13
14,16,2019,0,1.0460251046025104,False,1.0546347113820018,-0.07299542777727042,14
15,67,2019,0,1.0451505016722407,False,1.0555172508894346,-0.07387003070754017,15
16,17,2019,0,1.0442773600668338,False,1.0563997903968672,-0.07474317231294703,16
17,3,2019,0,1.0421008753647354,False,1.0586061391654487,-0.07691965701504544,17
18,48,2019,0,1.031140441328109,False,1.069858517885215,-0.08788009105167194,18
19,3,2019,0,1.0243802499487809,False,1.076918833944676,-0.09464028243099998,19
20,49,2019,0,1.023331968890708,False,1.0780220083289667,-0.09568856348907273,20
21,34,2019,0,1.0197838058331634,False,1.0817728012355554,-0.09923672654661742,21
22,52,2019,0,0.9811616954474097,False,1.1243553324691802,-0.1378588369323711,22
23,52,2019,0,0.9771350400625366,False,1.1289886648832015,-0.14188549231724423,23
23,10,2019,0,0.9771350400625366,False,1.1289886648832015,-0.14188549231724423,23
1,5,2019,0,1.4749262536873158,False,0.7680906301628511,0.3321417252146288,1
2,18,2019,0,1.3616557734204793,False,0.8319848949728582,0.2188712449477923,2
3,53,2019,0,1.321003963011889,False,0.8575879159782867,0.17821943453920208,3
4,16,2019,0,1.2312238364934744,False,0.9201227283455276,0.08843930802078748,4
5,3,2019,0,1.2291052114060963,False,0.9217087561954214,0.08632068293340933,5
6,3,2019,0,1.1984659635666348,False,0.9452725985367005,0.05568143509394785,6
7,46,2019,0,1.1967448539971277,False,0.9466320509794667,0.053960325524440744,7
8,55,2019,0,1.183712121212121,False,0.9570545197073402,0.04092759273943414,8
9,36,2019,0,1.1446886446886446,False,0.9896813783337267,0.001904116215957652,9
10,48,2019,0,1.1148272017837235,False,1.0161907009676658,-0.027957326688963446,10
11,5,2019,0,1.1145786892554614,False,1.0164172763747936,-0.028205839217225526,11
12,5,2019,0,1.108401684770561,False,1.0220816615529857,-0.034382843702126076,12
13,70,2019,0,1.0981770261366133,False,1.0315978286523484,-0.04460750233607369,13
14,33,2019,0,1.0969723562966214,False,1.0327307056879869,-0.04581217217606559,14
15,3,2019,0,1.090037061260083,False,1.0393013924946897,-0.05274746721260404,15
16,42,2019,0,1.088139281828074,False,1.0411139957517113,-0.05464524664461301,16
17,46,2019,0,1.0771219302024988,False,1.0517630398867124,-0.06566259827018817,17
18,38,2019,0,1.0750376263169212,False,1.0538022185508615,-0.06774690215576573,18
19,5,2019,0,1.0738831615120275,False,1.0549350955865,-0.06890136696065952,19
20,16,2019,0,1.0438413361169103,False,1.0852962001416095,-0.09894319235577664,20
21,3,2019,0,1.0375596596804317,False,1.0918668869483126,-0.10522486879225523,21
22,48,2019,0,1.029018316526034,False,1.10092990323342,-0.11376621194665293,22
23,46,2019,0,1.0210332856851134,False,1.1095397687042718,-0.12175124278757354,23
24,48,2019,0,1.01667344448963,False,1.1142978522539533,-0.12611108398305704,24
1,3,2019,0,1.5738117721120555,False,0.7166232765345538,0.4217408390158135,1
2,3,2019,0,1.4009526478005043,False,0.805045160198874,0.24888171470426235,2
3,39,2019,0,1.3950892857142856,False,0.8084286506452129,0.2430183526180436,3
4,49,2019,0,1.3473457289140394,False,0.8370755364242144,0.1952747958177974,4
5,42,2019,0,1.3415615776764152,False,0.8406845929003093,0.18949064458017317,5
6,52,2019,0,1.2923235978288965,False,0.8727149691256496,0.14025266473265452,6
7,45,2019,0,1.244090569793481,False,0.9065498735890374,0.092019636697239,7
8,35,2019,0,1.2278978388998036,False,0.9185048731661011,0.07582690580356166,8
9,48,2019,0,1.2254901960784315,False,0.9203094014041484,0.07341926298218948,9
10,26,2019,0,1.203659123736158,False,0.9370012876060865,0.05158819063991604,10
11,33,2019,0,1.1563367252543941,False,0.9753475126645927,0.0042657921581521485,11
12,16,2019,0,1.1496895838123706,False,0.9809866634084906,-0.002381349283871348,12
13,3,2019,0,1.105705440070765,False,1.0200095865562646,-0.04636549302547688,13
14,3,2019,0,1.072731173567904,False,1.0513632646923372,-0.07933975952833805,14
15,49,2019,0,1.0718113612004287,False,1.052265528811361,-0.08025957189581323,15
16,46,2019,0,1.0695187165775402,False,1.0545211891089201,-0.08255221651870182,16
17,49,2019,0,1.051745898190997,False,1.0723409054596378,-0.10032503490524491,17
18,3,2019,0,0.9906875371507826,False,1.138431752178122,-0.16138339594545936,18
19,30,2019,0,0.9869719699960522,False,1.1427175067434843,-0.1650989631001898,19
20,34,2019,0,0.9846396218983852,False,1.1454242991005554,-0.1674313111978568,20
21,5,2019,0,0.9562057754828839,False,1.1794847695936992,-0.1958651576133581,21
22,43,2019,0,0.9511128019783146,False,1.1858006184268648,-0.20095813111792737,22
23,34,2019,0,0.934404784152495,False,1.2070038252239212,-0.21766614894374703,23
24,34,2019,0,0.9159186664224216,False,1.2313649564375606,-0.2361522666738204,24
1,3,2019,0,1.7053206002728514,False,0.6344546528297463,0.5904841298561279,1
2,3,2019,0,1.4543339150668992,False,0.7439478500779905,0.33949744465017573,2
3,42,2019,0,1.3854253255749513,False,0.7809504918357962,0.27058885515822784,3
4,52,2019,0,1.3027618551328817,False,0.8305037372307525,0.18792538471615816,4
5,5,2019,0,1.272264631043257,False,0.8504115912758877,0.15742816062653353,5
6,26,2019,0,1.25344697919278,False,0.8631785846309202,0.13861050877605652,6
7,10,2019,0,1.2260912211868562,False,0.8824372695224098,0.1112547507701327,7
8,71,2019,0,1.157139551029854,False,0.9350199709677127,0.042303080613130595,8
9,16,2019,0,1.1496895838123706,False,0.9410788830684061,0.03485311339564712,9
10,3,2019,0,1.1286681715575622,False,0.9586064502168403,0.013831701140838648,10
11,3,2019,0,1.1025358324145533,False,0.9813273705944405,-0.012300638002170183,11
12,49,2019,0,1.074575542660649,False,1.0068613573045053,-0.040260927756074594,12
13,48,2019,0,1.0731916720326249,False,1.0081596956117969,-0.041644798384098625,13
14,52,2019,0,1.0725010725010726,False,1.0088088647654423,-0.042335397915650885,14
15,33,2019,0,1.0575296108291032,False,1.0230905861456483,-0.057306859587620274,15
16,3,2019,0,0.9988014382740711,False,1.083246927716818,-0.11603503214265243,16
17,52,2019,0,0.9936406995230525,False,1.0888730603817474,-0.12119577089367106,17
18,5,2019,0,0.9735202492211839,False,1.1113775910414656,-0.14131622119553966,18
19,33,2019,0,0.9489466691971912,False,1.140157423519759,-0.16588980121953234,19
20,5,2019,0,0.9414422895876483,False,1.149245791670799,-0.1733941808290752,20
21,48,2019,0,0.919793966151582,False,1.176294506406037,-0.19504250426514147,21
22,49,2019,0,0.8949346697691068,False,1.2089693538062047,-0.21990180064761666,22
23,33,2019,0,0.8490405841399219,False,1.2743190486065403,-0.2657958862768016,23
24,3,2019,0,0.8204791598293404,False,1.3186789407723307,-0.2943573105873831,24
1,48,2019,0,1.5332720024532351,False,0.6479740820734341,0.5003510559443485,1
2,42,2019,0,1.4072614691809737,False,0.7059956803455724,0.37434052267208706,2
3,45,2019,0,1.3175230566534912,False,0.7540820734341253,0.28460211014460457,3
4,3,2019,0,1.2400793650793651,False,0.8011749460043196,0.20715841857047845,4
5,5,2019,0,1.209482341557813,False,0.8214427645788337,0.17656139504892643,5
6,42,2019,0,1.2039489525644111,False,0.825218142548596,0.17102800605552448,6
7,43,2019,0,1.1238480557428636,False,0.8840345572354211,0.09092710923397695,7
8,70,2019,0,1.1208249271463797,False,0.8864190064794816,0.08790398063749305,8
9,5,2019,0,1.120322652924042,False,0.886816414686825,0.08740170641515532,9
10,5,2019,0,1.0332713370531101,False,0.9615291576673866,0.0003503905442234778,10
11,34,2019,0,1.0229132569558101,False,0.9712656587473002,-0.010007689553076515,11
12,5,2019,0,0.9648784253184098,False,1.0296846652267817,-0.06804252119047682,12
13,17,2019,0,0.9484066767830046,False,1.0475680345572354,-0.08451426972588205,13
14,46,2019,0,0.9412650602409639,False,1.0555161987041035,-0.09165588626792276,14
15,46,2019,0,0.9269558769002596,False,1.0718099352051835,-0.10596506960862706,15
16,33,2019,0,0.9064539521392314,False,1.0960518358531317,-0.12646699436965525,16
17,48,2019,0,0.8931761343336907,False,1.1123455723542115,-0.13974481217519596,17
18,5,2019,0,0.8707767328456983,False,1.1409589632829373,-0.16214421366318832,18
19,17,2019,0,0.8632596685082873,False,1.1508941684665226,-0.16966127800059938,19
20,5,2019,0,0.8380824673147839,False,1.1854686825053995,-0.1948384791941028,20
21,72,2019,0,0.8305647840531561,False,1.1961987041036717,-0.20235616245573051,21
22,5,2019,0,0.761266747868453,False,1.3050885529157668,-0.2716541986404336,22
23,33,2019,0,0.6793478260869565,False,1.462462203023758,-0.3535731204219301,23
1,46,2019,0,1.4979029358897542,False,0.8116799562305598,0.26615030743910806,1
2,3,2019,0,1.4792899408284026,False,0.8218928256618608,0.24753731237775645,2
3,45,2019,0,1.450536698578474,False,0.8381847840403652,0.21878407012782786,3
4,49,2019,0,1.3958682300390843,False,0.8710118643552621,0.1641156015884382,4
4,33,2019,0,1.3958682300390843,False,0.8710118643552621,0.1641156015884382,4
6,34,2019,0,1.3217023526301876,False,0.9198877394907751,0.0899497241795415,6
7,3,2019,0,1.3206550449022716,False,0.9206172301644395,0.08890241645162544,7
8,3,2019,0,1.3157894736842106,False,0.9240215199748733,0.08403684523356447,8
9,3,2019,0,1.2893243940175347,False,0.942988277490147,0.05757176556688859,9
10,46,2019,0,1.257229067136032,False,0.9670614697210713,0.02547643868538585,10
11,34,2019,0,1.2428535918468806,False,0.978246993383925,0.011100963396234453,11
12,43,2019,0,1.238543472875898,False,0.9816512831943587,0.006790844425251796,12
13,39,2019,0,1.2306177701206005,False,0.98797353569945,-0.0011348583300456738,13
14,16,2019,0,1.183151916706105,False,1.0276091956352142,-0.04860071174454106,14
15,3,2019,0,1.1649580615097856,False,1.0436579904558305,-0.0667945669408605,15
16,46,2019,0,1.1619800139437602,False,1.0463327895926,-0.06977261450688599,16
17,3,2019,0,1.1465260261407935,False,1.0604362759501111,-0.08522660230985268,17
18,42,2019,0,1.1113580795732385,False,1.0939928469386724,-0.12039454887740764,18
19,70,2019,0,1.0964912280701753,False,1.1088258239698479,-0.13526140038047085,19
20,5,2019,0,1.0957703265395573,False,1.1095553146435124,-0.13598230191108884,20
21,5,2019,0,1.0699764605178688,False,1.136303306011206,-0.16177616793277738,21
22,17,2019,0,1.0606703436571914,False,1.1462730118846192,-0.17108228479345478,22
23,42,2019,0,1.0379904504878554,False,1.171318858347096,-0.19376217796279072,23
24,39,2019,0,0.9970089730807578,False,1.2194652428089445,-0.2347436553698884,24
1,57,2019,0,1.278772378516624,False,0.8811888161138106,0.14353320261098168,1
2,57,2019,0,1.272264631043257,False,0.885696175787027,0.13702545513761466,2
3,38,2019,0,1.2040939193257074,False,0.9358405521515597,0.06885474342006503,3
4,3,2019,0,1.1173184357541899,False,1.0085217268821747,-0.017920740151452508,4
5,26,2019,0,1.1036309458117206,False,1.0210296499753502,-0.031608230093921774,5
6,18,2019,0,1.0646225912913871,False,1.0584407352630465,-0.07061658461425524,6
7,5,2019,0,1.0434056761268782,False,1.079963377702655,-0.0918334997787642,7
8,26,2019,0,0.9978048293753742,False,1.1293189661243748,-0.1374343465302682,8
1,3,2019,0,1.2647021626406982,False,0.8252576647097194,0.20788710477654648,1
2,33,2019,0,1.1613053071652537,False,0.8987345075016308,0.10449024930110196,2
3,48,2019,0,1.133401337413578,False,0.9208610567514678,0.07658627954942632,3
4,18,2019,0,1.1043622308117063,False,0.945075016307893,0.047547172947554506,4
5,39,2019,0,0.9777082518576456,False,1.067501630789302,-0.0791068060065061,5
6,33,2019,0,0.9774215619196559,False,1.0678147423352904,-0.07939349594449585,6
7,49,2019,0,0.9302325581395349,False,1.121983039791259,-0.12658249972461688,7
8,49,2019,0,0.9053870529651425,False,1.1527723418134377,-0.1514280048990092,8
1,3,2019,0,1.2468827930174564,False,0.8066280283124427,0.22677070668311927,1
2,5,2019,0,1.1286681715575622,False,0.8911127594573868,0.10855608522322502,2
3,45,2019,0,1.0495382031905962,False,0.9582982361297947,0.029426116856259066,3
4,42,2019,0,1.0307153164296021,False,0.9757986447241047,0.010603230095264982,4
5,43,2019,0,1.0294420424130122,False,0.9770055694547467,0.009329956078675039,5
6,42,2019,0,0.9532888465204956,False,1.055053368702933,-0.06682323981384153,6
7,48,2019,0,0.8710801393728224,False,1.154624658980903,-0.14903194696151478,7
8,33,2019,0,0.8512811781731506,False,1.1814787342376887,-0.1688309081611865,8
1,17,2019,0,1.380071763731714,False,0.8243575705001494,0.2332285896784081,1
2,52,2019,0,1.2363996043521266,False,0.9201496039477238,0.08955643029882077,2
3,48,2019,0,1.184413123297406,False,0.9605369814701574,0.037569949244100176,3
4,3,2019,0,1.0961306587745259,False,1.0378987186962272,-0.05071251527877996,4
5,42,2019,0,1.095890410958904,False,1.0381262532174802,-0.050952763094401776,5
6,26,2019,0,1.0855405992184106,False,1.0480240048919922,-0.06130257483489521,6
7,33,2019,0,1.0547410610695074,False,1.0786273980005403,-0.09210211298379845,7
8,49,2019,0,1.0415581710238517,False,1.092279469275729,-0.1052850030294541,8
1,3,2019,0,1.4138272303124557,False,0.7777548692150152,0.29281290862928233,1
2,17,2019,0,1.3925637097897228,False,0.7896306681511416,0.2715493881065494,2
3,33,2019,0,1.0765421466250404,False,1.021428669608126,-0.044472175058132946,3
4,46,2019,0,1.0592098294672174,False,1.0381427569997113,-0.061804492215955964,4
5,3,2019,0,1.0347682119205297,False,1.0626640825807872,-0.08624610976264369,5
6,26,2019,0,1.0251153254741159,False,1.0726705427954861,-0.09589899620905751,6
7,3,2019,0,0.9985022466300548,False,1.1012604291231978,-0.12251207505311856,7
8,49,2019,0,0.9675858732462507,False,1.136447981526535,-0.15342844843692272,8
1,3,2019,0,1.3234515616728428,False,0.8314718019257223,0.21659590242534743,1
2,3,2019,0,1.1527377521613833,False,0.954607977991747,0.045882092913887895,2
3,70,2019,0,1.098659635245001,False,1.0015955983493812,-0.008196024002494307,3
4,39,2019,0,1.07469102632993,False,1.0239339752407155,-0.03216463291756533,4
5,5,2019,0,1.0725010725010724,False,1.026024759284732,-0.034354586746423,5
6,46,2019,0,1.0703200256876806,False,1.0281155433287485,-0.03653563355981482,6
7,46,2019,0,1.0383137784238397,False,1.0598074277854197,-0.06854188082365575,7
8,5,2019,0,1.024170421958214,False,1.0744429160935351,-0.08268523728928145,8
1,45,2019,0,1.6223231667748215,False,0.7724310776942356,0.32452551301926613,1
2,33,2019,0,1.5165301789505612,False,0.8263157894736842,0.21873252519500586,2
3,46,2019,0,1.461133839859731,False,0.8576441102756892,0.16333618610417577,3
4,48,2019,0,1.447596988998263,False,0.8656641604010025,0.1497993352427076,4
5,33,2019,0,1.4343086632243258,False,0.8736842105263158,0.13651100946877048,5
6,3,2019,0,1.3553808620222283,False,0.924561403508772,0.05758320826667296,6
7,5,2019,0,1.3206550449022716,False,0.9488721804511279,0.022857391146716255,7
8,17,2019,0,1.288992008249549,False,0.9721804511278196,-0.008805645506006377,8
9,26,2019,0,1.194743130227001,False,1.0488721804511278,-0.10305452352855426,9
10,33,2019,0,1.1531365313653137,False,1.0867167919799499,-0.14466112239024165,10
11,39,2019,0,0.9271277582050806,False,1.3516290726817044,-0.3706698955504747,11
12,39,2019,0,0.8516436722875149,False,1.4714285714285715,-0.4461539814680404,12
1,3,2019,0,1.723543605653223,False,0.7328101581313886,0.4298689905807096,1
2,26,2019,0,1.5625,False,0.8083393678112525,0.26882538492748664,2
3,17,2019,0,1.5304560759106214,False,0.8252639733248006,0.23678146083810803,3
4,3,2019,0,1.4351320321469574,False,0.8800794867045012,0.14145741707444404,4
5,45,2019,0,1.4224751066856332,False,0.8879102743301726,0.1288004916131198,5
6,18,2019,0,1.311647429171039,False,0.9629342719051545,0.01797281409852558,6
7,3,2019,0,1.2993762993762994,False,0.972028089793031,0.0057016843037860365,7
8,52,2019,0,1.2840267077555214,False,0.9836479682053177,-0.009647907316991944,8
9,33,2019,0,1.27000254000508,False,0.9945100284602815,-0.023672075067433296,9
10,42,2019,0,1.148369315571888,False,1.0998467523281854,-0.14530529950062543,10
11,33,2019,0,1.1431184270690442,False,1.1048988733770058,-0.15055618800346915,11
12,3,2019,0,1.1350737797956867,False,1.1127296610026771,-0.15860083527682667,12
13,49,2019,0,1.1148272017837235,False,1.1329381451979585,-0.17884741328878984,13
14,16,2019,0,1.0645092612305727,False,1.186490628315454,-0.2291653538419407,14
15,33,2019,0,0.9600614439324117,False,1.3155723211128134,-0.3336131711401017,15
1,33,2019,0,1.6361256544502618,False,0.8775485088403002,0.18951200555897985,1
2,48,2019,0,1.572327044025157,False,0.9131558436230873,0.12571339513387514,2
3,3,2019,0,1.4797277300976621,False,0.9702998728309472,0.03311408120638015,3
4,16,2019,0,1.4359563469270533,False,0.9998769331747138,-0.01065730196422865,4
5,42,2019,0,1.43143429716576,False,1.003035648357058,-0.015179351725521872,5
6,55,2019,0,1.3241525423728815,False,1.0843007753209992,-0.12246110651840048,6
7,39,2019,0,1.2465719272001994,False,1.1517824178528941,-0.20004172169108259,7
1,3,2019,0,1.849112426035503,False,0.6783211301171196,0.5108516193542867,1
2,52,2019,0,1.6722408026755853,False,0.7500666342641226,0.333979995994369,2
3,17,2019,0,1.639344262295082,False,0.7651181386306267,0.30108345561386574,3
4,5,2019,0,1.510574018126888,False,0.8303413242188113,0.1723132114456718,4
5,18,2019,0,1.4934289127837517,False,0.8398739436509305,0.1551681061025354,5
6,3,2019,0,1.444669170759896,False,0.8682209435411801,0.1064083640786797,6
7,48,2019,0,1.4351320321469574,False,0.8739906868816734,0.09687122546574112,7
8,35,2019,0,1.4228799089356858,False,0.8815164390649254,0.08461910225446956,8
9,33,2019,0,1.3885031935573453,False,0.9033411203963563,0.05024238687612903,9
10,42,2019,0,1.3601741022850926,False,0.9221555008544865,0.021913295603876337,10
11,46,2019,0,1.3383297644539616,False,0.9372070052209907,6.89577727452928e-05,11
12,49,2019,0,1.1619800139437602,False,1.0794437214844548,-0.17628079273745612,12
13,33,2019,0,1.1294330246216397,False,1.1105501638418966,-0.20882778205957653,13
14,16,2019,0,1.0931351114997814,False,1.1474263495398318,-0.2451256951814349,14
15,39,2019,0,0.769704433497537,False,1.6295762060801806,-0.5685563731836792,15
16,39,2019,0,0.7035317292809906,False,1.7828506922124143,-0.6347290774002257,16
1,45,2019,0,1.6937669376693767,False,0.7494499294781383,0.3622157764619576,1
2,18,2019,0,1.6761649346295677,False,0.7573201692524683,0.3446137734221486,2
3,34,2019,0,1.5271838729383016,False,0.8311988716502117,0.19563271173088248,3
4,38,2019,0,1.461988304093567,False,0.8682651622002823,0.13043714288614794,4
5,3,2019,0,1.350621285791464,False,0.9398589562764459,0.01907012458404478,5
6,48,2019,0,1.2933264355923437,False,0.9814950634696756,-0.038224725615075394,6
7,5,2019,0,1.117568171658471,False,1.1358533145275036,-0.213982989548948,7
8,39,2019,0,0.9922603691208574,False,1.2792947813822286,-0.33929079208656177,8
9,39,2019,0,0.8710801393728224,False,1.4572637517630467,-0.46047102183459676,9
1,42,2019,0,1.826817683595177,False,0.7238442822384429,0.46546378369963026,1
2,3,2019,0,1.6452780519907864,False,0.8037131069501746,0.2839241520952396,2
3,45,2019,0,1.6191709844559585,False,0.8166719559928065,0.25781708456041175,3
4,49,2019,0,1.5192950470981466,False,0.8703586163122817,0.15794114720259977,4
5,3,2019,0,1.4885382554331645,False,0.8883423251877712,0.12718435553761775,5
6,52,2019,0,1.456876456876457,False,0.9076483655982228,0.09552255698091017,6
7,33,2019,0,1.4310246136233544,False,0.9240452766317571,0.06967071372780764,7
8,5,2019,0,1.3997760358342666,False,0.9446736485771713,0.03842213593871979,8
9,33,2019,0,1.342281879194631,False,0.9851369935470222,-0.019072020700915848,9
10,5,2019,0,1.1798017932987257,False,1.1208082090341691,-0.18155210659682108,10
11,17,2019,0,1.1587485515643106,False,1.1411721146725908,-0.20260534833123622,11
12,3,2019,0,1.1563367252543941,False,1.1435523114355233,-0.20501717464115266,12
13,39,2019,0,1.1071744906997343,False,1.194329842378081,-0.2541794091958125,13
14,34,2019,0,1.0857763300760044,False,1.2178673437004126,-0.2755775698195424,14
15,39,2019,0,1.0034115994380894,False,1.3178356077435736,-0.35794230045745734,15
1,3,2019,0,1.6803898504453034,False,0.777210023671537,0.34954270173409174,1
2,33,2019,0,1.4755791648221928,False,0.8850869316790466,0.14473201611098108,2
3,39,2019,0,1.444043321299639,False,0.9044159660435883,0.1131961725884274,3
4,48,2019,0,1.3793103448275863,False,0.9468614806954535,0.04846319611637462,4
5,33,2019,0,1.2195121951219512,False,1.070932985062444,-0.11133495358926049,5
6,35,2019,0,1.2143290831815423,False,1.0755040404864908,-0.11651806552966937,6
7,48,2019,0,1.1415525114155252,False,1.1440698718471962,-0.18929463729568652,7
8,17,2019,0,1.092060718575953,False,1.1959187005142438,-0.2387864301352587,8
1,3,2019,0,1.5750511891636478,False,0.8573791799598252,0.20677060054535001,1
2,18,2019,0,1.5651901706057285,False,0.8627808443476647,0.1969095819874307,2
3,49,2019,0,1.4914243102162565,False,0.9054539930115967,0.12314372159795872,3
4,48,2019,0,1.3749484394335212,False,0.9821576273189178,0.006667850815223364,4
5,34,2019,0,1.3319126265316996,False,1.0138924055974747,-0.036367962086598205,5
6,30,2019,0,1.2944983818770226,False,1.0431964349015042,-0.07378220674127522,6
7,33,2019,0,1.159151501101194,False,1.165003966847285,-0.2091290875171039,7
8,5,2019,0,1.154068090017311,False,1.1701355480157325,-0.2142124986009868,8
1,46,2019,0,1.2433171702101204,False,0.8673334591432348,0.1500276972417165,1
2,49,2019,0,1.2007684918347743,False,0.8980670207316745,0.10747901886637035,2
3,49,2019,0,1.172195522213105,False,0.9199579435473002,0.07890604924470113,3
4,3,2019,0,1.1717834544176235,False,0.9202814547219154,0.0784939814492196,4
5,38,2019,0,1.1492931846914147,False,0.938290243442159,0.056003711723010774,5
6,43,2019,0,0.9574875526618154,False,1.1262502358935649,-0.13580192030658855,6
7,43,2019,0,0.9304056568663939,False,1.1590327015879007,-0.16288381610201008,7
8,5,2019,0,0.9210647508519849,False,1.1707869409322516,-0.17222472211641904,8
1,3,2019,0,1.7761989342806395,False,0.8293437430949401,0.29203433414037594,1
2,18,2019,0,1.6116035455278002,False,0.9140458127715991,0.12743894538753664,2
3,42,2019,0,1.4841199168892847,False,0.9925609486631805,-4.468325097883863e-05,3
4,26,2019,0,1.4768867227883622,False,0.9974221109228844,-0.0072778773519013296,4
5,3,2019,0,1.396063102052213,False,1.0551668262502762,-0.08810149808805057,5
6,42,2019,0,1.3867702121758425,False,1.0622376077189366,-0.09739438796442101,6
7,18,2019,0,1.3777900248002204,False,1.069161081240333,-0.10637457534004313,7
8,45,2019,0,1.363884342607747,False,1.0800618693378508,-0.12028025753251659,8
1,18,2019,0,1.7009695526450077,False,0.8588123584836754,0.22382430756063276,1
2,3,2019,0,1.6943409013893596,False,0.8621722299320722,0.2171956563049846,2
3,45,2019,0,1.5537600994406464,False,0.9401796800818056,0.07661485435627147,3
4,42,2019,0,1.4779781259237363,False,0.988386531297933,0.000832880839361394,4
5,5,2019,0,1.4692918013517484,False,0.9942297859907969,-0.00785344373262653,5
6,3,2019,0,1.3570362328674177,False,1.0764735957928566,-0.12010901221695724,6
7,35,2019,0,1.3025921583952065,False,1.1214666569279088,-0.17455308668916847,7
8,39,2019,0,1.2611930886618743,False,1.1582791614929515,-0.21595215642250065,8
1,3,2019,0,1.6406890894175552,False,0.930392306518089,0.10983112584340882,1
2,42,2019,0,1.5928639694170117,False,0.9583269729812244,0.06200600584286531,2
3,49,2019,0,1.5860428231562254,False,0.9624484811479165,0.05518485958207897,3
4,3,2019,0,1.5566625155666254,False,0.9806136467714853,0.025804551992478997,4
5,68,2019,0,1.5479876160990713,False,0.9861089909937415,0.017129652524924932,5
6,33,2019,0,1.4825796886582654,False,1.0296137994199361,-0.04827827491588099,6
7,18,2019,0,1.4688601645123385,False,1.0392306518088843,-0.06199779906180791,7
8,52,2019,0,1.371177841766077,False,1.113265150358724,-0.15968012180806945,8
1,57,2019,0,1.3206550449022716,False,0.8243170737397065,0.21000057250088,1
2,45,2019,0,1.272426517368622,False,0.8555609987480658,0.1617720449672304,2
3,39,2019,0,1.1064394777605666,False,0.983911478137806,-0.004214994640824976,3
4,18,2019,0,1.1019283746556474,False,0.9879394405953298,-0.008726097745744177,4
5,3,2019,0,1.0899776554580631,False,0.9987713936905623,-0.020676816943328458,5
6,46,2019,0,1.0599395834437437,False,1.0270759947434311,-0.05071488895764786,6
7,39,2019,0,0.8232146532208273,False,1.3224236203450983,-0.28743981918056427,7
1,57,2019,0,1.4457134595923087,False,0.7878388492954539,0.2732957798494433,1
2,3,2019,0,1.275266211821718,False,0.8931384034625273,0.10284853207885258,2
3,49,2019,0,1.2631047113805733,False,0.9017377721370694,0.09068703163770797,3
4,46,2019,0,1.190547056372403,False,0.9566940024081488,0.01812937662953762,4
5,46,2019,0,1.1456722231769492,False,0.9941667480230403,-0.026745456565916204,5
6,5,2019,0,1.0796804145972791,False,1.0549318233590421,-0.09273726514558622,6
7,39,2019,0,0.8069396812588259,False,1.4114924013147192,-0.3654779984840395,7
1,45,2019,0,1.3958682300390843,False,0.8528444517194684,0.19548869986458017,1
2,3,2019,0,1.3089005235602094,False,0.9095102751447152,0.1085209933857052,2
3,46,2019,0,1.2300123001230012,False,0.9678427404354102,0.029632769948497062,3
4,48,2019,0,1.2143290831815423,False,0.9803425544262734,0.013949553007038151,4
5,46,2019,0,1.1796626164916835,False,1.009151649529025,-0.020716913682820692,5
6,52,2019,0,1.142204454597373,False,1.0422463951429295,-0.058175075577131086,6
7,5,2019,0,1.1144544745347151,False,1.0681983899049121,-0.08592505563978903,7
8,35,2019,0,1.0176045588684237,False,1.1698635436972666,-0.18277497130608045,8
1,3,2019,0,1.4664906877841326,False,0.8339116743354172,0.23289545747313745,1
2,45,2019,0,1.3449899125756557,False,0.9092437745540148,0.11139468226466054,2
3,17,2019,0,1.2737230925996688,False,0.9601174006756653,0.0401278622886736,3
4,48,2019,0,1.2451749470800648,False,0.9821300273629178,0.011579716769069659,4
5,17,2019,0,1.1770244821092277,False,1.0389959796383204,-0.05657074820176744,5
6,34,2019,0,1.1470520761642578,False,1.0661448858859317,-0.08654315414673741,6
7,48,2019,0,1.120573733751681,False,1.0913371142057873,-0.11302149655931415,7
8,33,2019,0,1.0937329104232745,False,1.1181191433419446,-0.1398623198877207,8
1,3,2019,0,1.4632718759145449,False,0.8608814776323871,0.19216366065489554,1
2,33,2019,0,1.3702384214853385,False,0.9193317272111737,0.09913020622568913,2
3,5,2019,0,1.3217023526301876,False,0.9530917851575418,0.050594137370538306,3
4,48,2019,0,1.3208294809140138,False,0.9537216369848995,0.04972126565436441,4
5,42,2019,0,1.2426991425375917,False,1.0136835309493442,-0.028409072722057616,5
6,16,2019,0,1.2419274714356683,False,1.014313382776702,-0.02918074382398106,6
7,43,2019,0,1.1448196908986836,False,1.100351142393752,-0.12628852436096571,7
8,35,2019,0,1.0633772862611655,False,1.1846253168942007,-0.2077309289984839,8
1,30,2019,0,1.397819401733296,False,0.8823928461301263,0.1474456669372568,1
2,33,2019,0,1.392757660167131,False,0.8855997533148319,0.14238392537109168,2
3,3,2019,0,1.3489815189531904,False,0.9143385753931544,0.0986077841571511,3
4,48,2019,0,1.3201320132013201,False,0.9343200740055504,0.06975827840528082,4
5,33,2019,0,1.2312238364934744,False,1.0017884674683935,-0.01914989830256486,5
6,48,2019,0,1.203369434416366,False,1.024976873265495,-0.0470043003796734,6
7,52,2019,0,1.1436413540713632,False,1.0785075547332716,-0.10673238072467606,7
8,33,2019,0,0.9650646593321752,False,1.2780758556891767,-0.2853090754638641,8
1,48,2019,0,1.408649105507818,False,0.8813433067444675,0.15185852691752255,1
2,48,2019,0,1.4029180695847363,False,0.8849436667804712,0.14612749099444078,2
3,18,2019,0,1.3745704467353952,False,0.9031937676526274,0.11777986814509966,3
4,45,2019,0,1.3113034356150013,False,0.9467705391228779,0.05451285702470576,4
5,3,2019,0,1.2492192379762648,False,0.9938235202830628,-0.007571340614030753,5
6,38,2019,0,1.1958861516383639,False,1.038145193829728,-0.060904426951931656,6
7,33,2019,0,1.0656436487638534,False,1.1650268475123375,-0.1911469298264421,7
8,17,2019,0,1.046134532900931,False,1.1867531580744282,-0.21065604568936447,8
1,46,2019,0,1.4592149423610097,False,0.82497930930705,0.24522461344933122,1
2,49,2019,0,1.2655024044545686,False,0.9512602512978707,0.05151207554289017,2
3,33,2019,0,1.2635835228708618,False,0.9527048378602062,0.04959319395918338,3
4,42,2019,0,1.2532898859506205,False,0.9605296817395229,0.03929955703894206,4
5,33,2019,0,1.1524720525527257,False,1.044556466782033,-0.061518276358952795,5
6,39,2019,0,1.1213276519398967,False,1.0735685802422694,-0.09266267697178177,6
7,17,2019,0,1.1081560283687943,False,1.086329094876232,-0.10583430054288412,7
8,5,2019,0,1.08837614279495,False,1.1060717778948161,-0.12561418611672837,8
1,55,2019,0,1.5051173991571343,True,0.8857780888577808,0.1543299746316722,1
2,3,2019,0,1.502968362515969,True,0.8870446288704461,0.15218093799050703,2
3,33,2019,0,1.420101537259914,True,0.9388061193880611,0.06931411273445187,3
4,39,2019,0,1.3290802764486975,True,1.0030996900309967,-0.02170714807676455,4
5,33,2019,0,1.2640626975097964,True,1.0546945305469453,-0.08672472701566569,5
6,3,2019,0,1.0833942742612606,True,1.2305769423057693,-0.2673931502642015,6
1,3,2019,0,1.6709135719954886,True,0.804796708062423,0.2868541053426419,1
2,33,2019,0,1.4557630017833099,True,0.9237394689599063,0.07170353513046313,2
3,3,2019,0,1.4353380221042056,True,0.9368843585898996,0.05127855545135884,3
4,18,2019,0,1.3579576317218902,True,0.9902707645551917,-0.026101834930956525,4
5,39,2019,0,1.0003251056593392,True,1.344308699832579,-0.38373436099350755,5
1,58,2019,0,1.8628912071535022,False,0.7559174677034225,0.4418963086662635,1
2,3,2019,0,1.6212710765239948,False,0.8685728280168983,0.20027617803675613,2
3,33,2019,0,1.6046213093709885,False,0.8775852568419764,0.18362641088374976,3
4,26,2019,0,1.5590894917368257,False,0.9032143513132921,0.13809459324958695,4
5,52,2019,0,1.546072974644403,False,0.9108185881344518,0.12507807615716438,5
6,48,2019,0,1.5309246785058177,False,0.9198310169595297,0.109929780018579,6
7,17,2019,0,1.4771048744460855,False,0.9533459866527889,0.056109975958846814,7
8,17,2019,0,1.4615609470914936,False,0.9634849690810017,0.040566048604254945,8
9,17,2019,0,1.429388221841052,False,0.9851711259413457,0.008393323353813376,9
10,48,2019,0,1.4208581983518045,False,0.9910855323578032,-0.000136700135434209,10
11,30,2019,0,1.3842746400885937,False,1.0172779036306863,-0.03672025839864501,11
12,48,2019,0,1.379690949227373,False,1.0206575644400906,-0.04130394925986569,12
13,49,2019,0,1.339764201500536,False,1.051074511724729,-0.08123069698670271,13
14,52,2019,0,1.3290802764486975,False,1.0595236637482397,-0.09191462203854117,14
15,55,2019,0,1.3280212483399736,False,1.0603685789505908,-0.09297365014726511,15
16,30,2019,0,1.326259946949602,False,1.0617767709545094,-0.09473495153763678,16
17,34,2019,0,1.3217023526301876,False,1.0654380701646973,-0.09929254585705105,17
18,18,2019,0,1.3150973172014728,False,1.0707891997795875,-0.10589758128576587,18
19,16,2019,0,1.3133701076963489,False,1.0721973917835057,-0.10762479079088982,19
20,49,2019,0,1.3106159895150722,False,1.0744504989897752,-0.11037890897216651,20
22,56,2019,0,1.2993762993762994,False,1.083744566215637,-0.12161859911093931,22
23,16,2019,0,1.2687135244861711,False,1.1099369374885202,-0.15228137400106756,23
24,3,2019,0,1.2531328320802007,False,1.123737219126921,-0.16786206640703805,24
1,3,2019,0,1.855976243504083,False,0.7445197377875551,0.4588087653242259,1
2,18,2019,0,1.6789791806581598,False,0.8230065995290791,0.2818117024783027,2
3,49,2019,0,1.667778519012675,False,0.8285338433136934,0.27061104083281795,3
4,3,2019,0,1.5683814303638646,False,0.8810426592675299,0.17121395218400748,4
5,45,2019,0,1.5436863229391786,False,0.8951371309182966,0.14651884475932153,5
6,53,2019,0,1.4671361502347418,False,0.9418423408982879,0.06996867205488466,6
7,30,2019,0,1.458151064450277,False,0.947645946872133,0.06098358627042,7
8,3,2019,0,1.4334862385321099,False,0.9639513160367454,0.03631876035225279,8
9,34,2019,0,1.43184421534937,False,0.9650567647936683,0.03467673716951292,9
10,16,2019,0,1.3915947676036737,False,0.9929693459059709,-0.0055727105761833595,10
11,3,2019,0,1.3835085777531821,False,0.998772951879816,-0.013658900426674947,11
12,42,2019,0,1.3579576317218902,False,1.0175655807475048,-0.03920984645796688,12
13,49,2019,0,1.3308490817141336,False,1.0382927449398087,-0.06631839646572346,13
14,33,2019,0,1.3276686139139673,False,1.040780004642885,-0.0694988642658898,14
15,3,2019,0,1.3113034356150013,False,1.0537690275367289,-0.0858640425648558,15
16,48,2019,0,1.3027618551328817,False,1.0606780822674968,-0.09440562304697542,16
17,43,2019,0,1.2983640612827838,False,1.064270790727496,-0.09880341689707328,17
18,42,2019,0,1.2896569512509672,False,1.071456207647495,-0.10751052692888985,18
19,17,2019,0,1.2813941568426448,False,1.078365262378263,-0.1157733213372123,19
20,38,2019,0,1.2693577050012694,False,1.0885906633797993,-0.12780977317858766,20
21,70,2019,0,1.3071895424836601,False,1.0570853738074975,-0.08997793569619694,21
21,5,2019,0,1.2528188423953897,False,1.1029614972197965,-0.14434863578446744,21
22,49,2019,0,1.2444001991040319,False,1.110423276329026,-0.1527672790758252,22
23,48,2019,0,1.2382367508667655,False,1.1159505201136406,-0.15893072731309155,23
24,18,2019,0,1.2367054167697256,False,1.117332331059794,-0.16046206141013153,24
1,33,2019,0,1.7094017094017093,False,0.7782273709883045,0.3609220464309846,1
2,42,2019,0,1.6490765171503958,False,0.8066958594312955,0.3005968541796711,2
3,42,2019,0,1.5605493133583022,False,0.8524582894518044,0.2120696503875774,3
4,16,2019,0,1.516070345664039,False,0.8774679895792917,0.16759068269331423,4
5,52,2019,0,1.507386192342478,False,0.8825231417327201,0.1589065293717533,5
6,36,2019,0,1.452643811737362,False,0.9157807216894853,0.10416414876663715,6
7,48,2019,0,1.4363688595231254,False,0.926157086635996,0.08788919655240068,7
8,49,2019,0,1.3982102908277405,False,0.9514328474031374,0.04973062785701576,8
9,38,2019,0,1.3881177123820099,False,0.9583504240341447,0.039638049411285126,9
10,49,2019,0,1.3819789939192924,False,0.9626073942686105,0.03349933094856761,10
11,3,2019,0,1.3747594171020072,False,0.9676625464220387,0.026279754131282473,11
12,3,2019,0,1.3646288209606987,False,0.9748461836927002,0.01614915798997396,12
13,30,2019,0,1.3147515119642388,False,1.011828612604623,-0.03372815100648596,13
14,42,2019,0,1.2987012987012987,False,1.0243334626683667,-0.049778364269426056,14
15,16,2019,0,1.2883277505797475,False,1.0325813424976444,-0.06015191239097728,15
16,49,2019,0,1.2738853503184713,False,1.0442880106424257,-0.07459431265225347,16
17,46,2019,0,1.2661433274246645,False,1.0506734659941248,-0.08233633554606024,17
18,3,2019,0,1.2367054167697256,False,1.075683166121612,-0.11177424620099918,18
19,16,2019,0,1.2239902080783354,False,1.0868577129870851,-0.12448945489238938,19
20,43,2019,0,1.1868027533823877,False,1.1209134748628127,-0.16167690958833703,20
21,42,2019,0,1.1856770215793218,False,1.1219777174214292,-0.162802641391403,21
22,49,2019,0,1.1534025374855825,False,1.1533728729006154,-0.19507712548514222,22
23,68,2019,0,1.1037527593818985,False,1.205254697633169,-0.2447269035888262,23
24,49,2019,0,1.09217999126256,False,1.218025608336567,-0.2562996717081647,24
1,3,2019,0,1.95160031225605,False,0.8248772504091655,0.33107776754302054,1
2,52,2019,0,1.8804061677322301,False,0.8561079659789115,0.25988362301920076,2
3,18,2019,0,1.8740629685157422,False,0.85900566123796,0.2535404238027128,3
4,3,2019,0,1.7686593562079944,False,0.9101982774811518,0.14813681149496505,4
5,30,2019,0,1.7674089784376106,False,0.9108422097609403,0.1468864337245812,5
6,48,2019,0,1.75377060680463,False,0.9179254648386147,0.13324806209160056,6
7,18,2019,0,1.6431153466973383,False,0.9797429636983179,0.022592801984308908,7
8,18,2019,0,1.6097875080489377,False,1.000026830511658,-0.010735036664091702,8
9,46,2019,0,1.6020506247997437,False,1.0048563226100724,-0.018471919913285673,9
10,3,2019,0,1.6005121638924458,False,1.0058222210297552,-0.020010380820583595,10
11,45,2019,0,1.594896331738437,False,1.0093638485685925,-0.025626212974592333,11
12,18,2019,0,1.591849729385546,False,1.0112956454079582,-0.028672815327483336,12
13,3,2019,0,1.589319771137953,False,1.0129054761074296,-0.031202773575076392,13
14,3,2019,0,1.572327044025157,False,1.0238523248638354,-0.04819550068787226,14
15,71,2019,0,1.5600624024961,False,1.0319014783611926,-0.0604601422169293,15
16,52,2019,0,1.554726368159204,False,1.0354431059000297,-0.0657961765538253,16
17,52,2019,0,1.5384615384615385,False,1.0463899546564355,-0.08206100625149082,17
18,49,2019,0,1.5332720024532351,False,1.0499315821952726,-0.08725054225979423,18
19,3,2019,0,1.5197568389057752,False,1.059268600252207,-0.10076570580725419,19
20,16,2019,0,1.513317191283293,False,1.063776126210727,-0.10720535342973636,20
21,3,2019,0,1.4956625785222855,False,1.0763328056666044,-0.12485996619074391,21
22,38,2019,0,1.4801657785671996,False,1.0876016205629044,-0.14035676614582981,22
23,52,2019,0,1.4551804423748544,False,1.106275656676773,-0.16534210233817492,23
24,5,2019,0,1.4421690222094028,False,1.116256607013496,-0.17835352250362657,24
1,18,2019,0,1.9025875190258752,False,0.8328645565107157,0.30939677143882616,1
2,52,2019,0,1.7953321364452424,False,0.8826209246127638,0.20214138885819333,2
3,5,2019,0,1.723543605653223,False,0.9193835914907101,0.13035285806617392,3
4,42,2019,0,1.697792869269949,False,0.9333280513409655,0.10460212168290006,4
5,3,2019,0,1.6812373907195697,False,0.9425187180604521,0.08804664313252064,5
6,16,2019,0,1.6722408026755853,False,0.9475894307332723,0.07905005508853624,6
7,48,2019,0,1.6627868307283007,False,0.9529770629481438,0.06959608314125165,7
8,5,2019,0,1.6388069485414618,False,0.9669215227983994,0.04561620095441277,8
9,34,2019,0,1.6339869281045751,False,0.9697737986768608,0.04079618051752609,9
10,17,2019,0,1.6139444803098772,False,0.9818167412748087,0.02075373272282821,10
11,3,2019,0,1.599488163787588,False,0.990690488452244,0.006297416200538919,11
12,42,2019,0,1.5959144589849985,False,0.9929089252466027,0.0027237113979494687,12
13,3,2019,0,1.5837820715869497,False,1.0005149942558331,-0.009408676000099314,13
14,33,2019,0,1.5827793605571383,False,1.0011488333399357,-0.010411387029910735,14
15,34,2019,0,1.5792798483891346,False,1.0033672701342944,-0.01391089919791444,15
16,45,2019,0,1.5669069257286117,False,1.0112902586855759,-0.026283821858437362,16
17,33,2019,0,1.5455950540958268,False,1.0252347185358315,-0.04759569349122228,17
18,17,2019,0,1.4898688915375446,False,1.0635819831240343,-0.10332185604950439,18
19,35,2019,0,1.4894250819183794,False,1.0638989026660854,-0.10376566566866963,19
20,16,2019,0,1.4594279042615295,False,1.0857663510676223,-0.13376284332551958,20
21,49,2019,0,1.4522218995062446,False,1.091153983282494,-0.14096884808080445,21
22,52,2019,0,1.435544071202986,False,1.1038307649645442,-0.15764667638406293,22
23,16,2019,0,1.4343086632243258,False,1.1047815235906981,-0.15888208436272322,23
24,45,2019,0,1.3997760358342666,False,1.1320366042071066,-0.19341471175278246,24
1,3,2019,0,1.9223375624759707,False,0.8421677482023125,0.2961223737844132,1
2,49,2019,0,1.7985611510791366,False,0.9001254671289615,0.17234596238757915,2
3,68,2019,0,1.763668430335097,False,0.9179337047879877,0.13745324164353945,3
4,3,2019,0,1.7519271198318151,False,0.9240856414338331,0.1257119311402577,4
5,48,2019,0,1.7135023989033584,False,0.9448079543461545,0.08728721021180097,5
6,3,2019,0,1.6801075268817203,False,0.9635875504229459,0.053892338190162814,6
7,17,2019,0,1.6778523489932886,False,0.9648826949799659,0.051637160301731155,7
8,43,2019,0,1.6728002676480427,False,0.9677967702332612,0.046585078956485226,8
9,18,2019,0,1.6711229946524062,False,0.9687681286510262,0.04490780596084876,9
10,3,2019,0,1.6600265604249667,False,0.9752438514361267,0.0338113717334092,10
11,70,2019,0,1.6490765171503958,False,0.981719574221227,0.02286132845883837,11
12,42,2019,0,1.639344262295082,False,0.9875477247278175,0.013129073603524555,12
13,16,2019,0,1.6160310277957337,False,1.0017943148550386,-0.010184160895823746,13
14,46,2019,0,1.591849729385546,False,1.0170122634000245,-0.034365459306011426,14
15,46,2019,0,1.5903307888040712,False,1.0179836218177896,-0.03588439988748626,15
16,46,2019,0,1.5625,False,1.0361156456160707,-0.06371518869155746,16
17,17,2019,0,1.5446400988569664,False,1.0480957327685065,-0.08157508983459105,17
18,46,2019,0,1.5360983102918588,False,1.0539238832750968,-0.09011687839969862,18
19,72,2019,0,1.5188335358444713,False,1.0659039704275328,-0.10738165284708612,19
20,3,2019,0,1.510574018126888,False,1.0717321209341233,-0.11564117056466938,20
21,3,2019,0,1.5096618357487923,False,1.072379693212633,-0.11655335294276514,21
22,3,2019,0,1.5078407720144755,False,1.0736748377696532,-0.11837441667708193,22
23,43,2019,0,1.4912019087384432,False,1.0856549249220893,-0.1350132799531143,23
24,3,2019,0,1.4492753623188406,False,1.1170621804298262,-0.17693982637271688,24
1,35,2019,0,1.1143302874972143,False,0.9512527990883917,0.053239977894727675,1
2,3,2019,0,1.0962508221881166,False,0.966940944203734,0.03516051258563002,2
3,26,2019,0,1.0743446497636442,False,0.986657126578421,0.013254340161157563,3
4,33,2019,0,1.0622477161674102,False,0.9978932305123823,0.0011574065649235799,4
5,48,2019,0,1.0582010582010581,False,1.001709265810709,-0.002889251401428483,5
6,35,2019,0,1.0539629005059021,False,1.0057373030700534,-0.007127409096584492,6
7,55,2019,0,1.0301844030081386,False,1.0289515178015396,-0.030905906594347998,7
8,46,2019,0,0.9992006394884093,False,1.0608578129347697,-0.06188967011407731,8
1,3,2019,0,1.4697236919459142,False,0.7644084934277048,0.3314030657860878,1
2,17,2019,0,1.1963153487259242,False,0.9391079653971465,0.05799472256609772,2
3,18,2019,0,1.1457378551787352,False,0.980563981575104,0.007417229018908733,3
4,48,2019,0,1.119444755401321,False,1.0035951016739693,-0.018875870758505497,4
5,39,2019,0,1.0995052226498077,False,1.0217953038984384,-0.038815403510018776,5
6,34,2019,0,1.067691650651292,False,1.0522413211998654,-0.07062897550853453,6
7,5,2019,0,1.0185373803218578,False,1.1030221323446805,-0.11978324583796862,7
8,33,2019,0,0.9896091044037606,False,1.135265700483092,-0.14871152175606583,8
1,3,2019,0,1.4553922282055012,False,0.800512626336178,0.2611055164787399,1
2,33,2019,0,1.3860013860013858,False,0.8405906853464596,0.19171467427462452,2
3,42,2019,0,1.3531799729364005,False,0.8609792328080855,0.1588932612096392,3
4,39,2019,0,1.292156609381057,False,0.9016398217458421,0.09786989765429577,4
5,46,2019,0,1.0642826734780757,False,1.0946902397110652,-0.13000403824868556,5
6,26,2019,0,1.0599957600169598,False,1.0991174671598753,-0.13429095170980143,6
7,3,2019,0,1.012965964343598,False,1.1501470888066874,-0.18132074738316328,7
8,3,2019,0,0.9303190994511117,False,1.2523228380858067,-0.2639676122756496,8
1,3,2019,0,1.57952930026852,False,0.7370734191952268,0.38850483867924,1
2,48,2019,0,1.3468013468013469,False,0.8644400785854619,0.1557768852120669,2
3,42,2019,0,1.2239902080783354,False,0.951175143709525,0.03296574648905537,3
4,42,2019,0,1.2025012025012025,False,0.9681728880157172,0.011476740911922523,4
5,33,2019,0,1.1107408641563923,False,1.0481554245797864,-0.08028359743288771,5
6,49,2019,0,1.0814318157240186,False,1.0765626136942446,-0.1095926458652614,6
7,10,2019,0,1.0426441455531228,False,1.1166120934293824,-0.1483803160361572,7
8,5,2019,0,0.9405568096313018,False,1.2378083387906573,-0.25046765195797815,8
1,3,2019,0,1.5137753557372085,False,0.7981875849569552,0.26559867070281684,1
2,49,2019,0,1.4359563469270533,False,0.841443890650959,0.1877796618926617,2
3,42,2019,0,1.3508037282182899,False,0.8944872375774052,0.10262704318389826,3
4,46,2019,0,1.3408420488066506,False,0.901132759401903,0.09266536377225898,4
5,33,2019,0,1.2434717731907485,False,0.9716961184111161,-0.004704911843643078,5
6,34,2019,0,1.1899095668729178,False,1.0154357347832652,-0.058267118161473785,6
7,5,2019,0,1.0857763300760044,False,1.1128228364295423,-0.16240035495838723,7
8,49,2019,0,0.8248783304462591,False,1.4647938377888536,-0.4232983545881325,8
1,3,2019,0,1.440922190201729,False,0.8781336496638988,0.16764469593927767,1
2,46,2019,0,1.3713658804168951,False,0.9226729932779755,0.09808838615444371,2
3,33,2019,0,1.3034410844629822,False,0.9707552392249901,0.030163590200530832,3
4,45,2019,0,1.3020833333333335,False,0.9717674970344009,0.028805839070882078,4
5,3,2019,0,1.2876641771825907,False,0.9826492684855673,0.014386682920139338,5
6,49,2019,0,1.2035142616440004,False,1.0513562672993277,-0.06976323261845097,6
7,3,2019,0,1.1462631820265934,False,1.1038671411625147,-0.12701431223585802,7
8,17,2019,0,1.130965844831486,False,1.1187979438513247,-0.1423116494309653,8
1,57,2019,0,1.3892747985551541,False,0.801994401192184,0.2617375418248751,1
2,38,2019,0,1.3646288209606987,False,0.8164788791242462,0.23709156423041966,2
3,3,2019,0,1.3206550449022716,False,0.8436651300121168,0.19311778817199254,3
4,5,2019,0,1.17813383600377,False,0.9457249899026475,0.05059657927349104,4
5,48,2019,0,1.1539349180706209,False,0.9655575827634713,0.026397661340341827,5
6,17,2019,0,1.152604887044721,False,0.96667177337363,0.025067630314441924,6
7,33,2019,0,1.1348161597821151,False,0.9818247656717873,0.007278903051836094,7
8,26,2019,0,1.1241007194244605,False,0.9911839667971197,-0.003436537305818499,8
9,52,2019,0,1.0940919037199124,False,1.0183702176849905,-0.03344535301036666,9
10,48,2019,0,1.067691650651292,False,1.0435509254745756,-0.059845606078987146,10
11,30,2019,0,1.051745898190997,False,1.059372432138828,-0.07579135853928198,11
12,34,2019,0,1.0319917440660473,False,1.0796507012437153,-0.09554551266423172,12
13,3,2019,0,1.0220768601798855,False,1.0901240929792064,-0.10546039655039352,13
14,17,2019,0,1.0193679918450562,False,1.0930209885656188,-0.10816926488522283,14
15,48,2019,0,0.9754194303550527,False,1.1422682135346305,-0.1521178263752263,15
16,5,2019,0,0.9600614439324117,False,1.160540939541232,-0.16747581279786738,16
1,3,2019,0,1.353546291283162,False,0.7650409029719374,0.3037689906688712,1
2,5,2019,0,1.3199577613516367,False,0.7845086465776121,0.2701804607373459,2
3,18,2019,0,1.2468827930174564,False,0.8304856580718649,0.19710549240316566,3
4,52,2019,0,1.0595465140919686,False,0.9773221497359427,0.009769213477677896,4
5,49,2019,0,1.055520371543171,False,0.981050015532774,0.005743070928880156,5
6,49,2019,0,1.0423181154888472,False,0.9934762348555451,-0.007459185125443524,6
7,46,2019,0,1.0248001639680262,False,1.0104587345966656,-0.024977136646264553,7
8,70,2019,0,1.0133765707336846,False,1.0218494356425392,-0.036400729880606164,8
9,5,2019,0,0.9918666931164453,False,1.0440095267681473,-0.05791060749784549,9
10,26,2019,0,0.9788566953797965,False,1.057885471678575,-0.07092060523449428,10
11,42,2019,0,0.9752291788570313,False,1.0618204411307859,-0.07454812175725944,11
12,17,2019,0,0.9750390015600624,False,1.0620275447861653,-0.07473829905422835,12
13,49,2019,0,0.970873786407767,False,1.0665838252045148,-0.07890351420652375,13
14,49,2019,0,0.9571209800918836,False,1.0819094957025992,-0.09265632052240713,14
15,33,2019,0,0.9159186664224216,False,1.1305788547167857,-0.13385863419186916,15
16,3,2019,0,0.9155832265152902,False,1.1309930620275448,-0.13419407409900053,16
1,3,2019,0,1.374003847210772,False,0.7598068641524208,0.3074292046709701,1
2,16,2019,0,1.3071895424836601,False,0.7986428291791727,0.2406148999438582,2
3,5,2019,0,1.2236906510034264,False,0.8531384575231633,0.1571160084636245,3
4,52,2019,0,1.1814744801512287,False,0.8836226021140546,0.11489983761142675,4
5,45,2019,0,1.1798017932987257,False,0.8848753751794337,0.11322715075892376,5
6,42,2019,0,1.1775788977861517,False,0.8865457392666058,0.11100425524634971,6
7,52,2019,0,1.08038029386344,False,0.9663056244290749,0.01380565132363798,7
8,42,2019,0,1.0683760683760684,False,0.9771629909956936,0.0018014258362664126,8
9,49,2019,0,1.0438413361169103,False,1.0001304971943104,-0.02273330642289162,9
10,48,2019,0,1.008471157724889,False,1.035208143024925,-0.0581034848149129,10
11,33,2019,0,0.9652509652509653,False,1.0815607464439514,-0.10132367728883662,11
12,42,2019,0,0.9328358208955224,False,1.1191439384053243,-0.13373882164427953,12
13,33,2019,0,0.923020121838656,False,1.1310452825264259,-0.14355452070114594,13
14,42,2019,0,0.9028530155290718,False,1.156309539344904,-0.16372162701073012,14
15,46,2019,0,0.886053517632465,False,1.1782330679890383,-0.18052112490733696,15
16,5,2019,0,0.8103727714748784,False,1.2882683022315022,-0.25620187106492354,16
1,3,2019,0,1.5873015873015872,False,0.7443838894058222,0.38468124698600814,1
2,17,2019,0,1.5216068167985393,False,0.7765223684404863,0.3189864764829602,2
3,52,2019,0,1.4322543683758238,False,0.8249663993383254,0.2296340280602447,3
4,33,2019,0,1.3192612137203166,False,0.8956237907454178,0.1166408734047375,4
5,26,2019,0,1.2410027302060065,False,0.952102441401923,0.038382389890427415,5
6,26,2019,0,1.2097749818533754,False,0.9766789253696073,0.007154641537796325,6
7,5,2019,0,1.183151916706105,False,0.9986559735330173,-0.019468423609473984,7
8,3,2019,0,1.1299435028248588,False,1.045682130355798,-0.07267683749072029,8
9,45,2019,0,1.1266336187471833,False,1.0487541908517584,-0.07598672156839581,9
10,67,2019,0,1.1246063877642825,False,1.0506446896185033,-0.07801395255129662,10
11,33,2019,0,1.094570928196147,False,1.0794747958113637,-0.10804941211943198,11
12,43,2019,0,1.08837614279495,False,1.0856189168032848,-0.11424419752062898,12
13,52,2019,0,1.0829542993285683,False,1.0910541007576766,-0.11966604098701072,13
14,3,2019,0,1.0382059800664452,False,1.138080257580457,-0.16441436024913392,14
15,46,2019,0,1.0313531353135315,False,1.1456422526474368,-0.17126720500204762,15
16,48,2019,0,1.0309278350515463,False,1.146114877339123,-0.1716925052640328,16
1,45,2019,0,1.554726368159204,False,0.7894082813003389,0.3048726735295342,1
2,3,2019,0,1.5451174289245984,False,0.7943175367810624,0.29526373429492847,2
3,17,2019,0,1.5202189115232594,False,0.8073270638049798,0.2703652168935895,3
4,48,2019,0,1.4934289127837517,False,0.8218093674731141,0.24357521815408179,4
5,52,2019,0,1.3171759747102212,False,0.9317766902413206,0.0673222800805513,5
6,16,2019,0,1.297016861219196,False,0.9462589939094548,0.04716316658952602,6
7,3,2019,0,1.199616122840691,False,1.0230888421827777,-0.05023757178897892,7
8,46,2019,0,1.179523472517103,False,1.0405166991393462,-0.07033022211256679,8
9,26,2019,0,1.1731581417175037,False,1.046162342942178,-0.07669555291216623,9
10,17,2019,0,1.1622501162250116,False,1.0559808539036253,-0.08760357840465827,10
11,3,2019,0,1.1322463768115942,False,1.083963610143749,-0.11760731781807565,11
12,49,2019,0,1.1106175033318524,False,1.1050734087108602,-0.1392361912978175,12
13,33,2019,0,1.1008366358432409,False,1.1148919196723073,-0.149017058786429,13
14,33,2019,0,1.0768899418479432,False,1.139683659849961,-0.1729637527817267,14
15,16,2019,0,1.0759629868732516,False,1.1406655109461055,-0.17389070775641824,15
16,33,2019,0,1.058873358746294,False,1.1590752189988187,-0.19098033588337593,16
1,3,2019,0,1.5015015015015016,False,0.7967102803738317,0.29745941763403194,1
2,42,2019,0,1.3672409078479628,False,0.8749457943925234,0.16319882398049312,2
3,70,2019,0,1.2422360248447204,False,0.9629906542056075,0.03819394097725071,3
4,43,2019,0,1.2300123001230012,False,0.9725607476635514,0.02597021625553153,4
5,46,2019,0,1.2291052114060963,False,0.9732785046728972,0.025063127538626606,5
6,48,2019,0,1.221597849987784,False,0.9792598130841121,0.017555766120314287,6
7,5,2019,0,1.205400192864031,False,0.9924186915887849,0.0013581089965613025,7
8,17,2019,0,1.1987532965715655,False,0.9979214953271028,-0.005288787295904207,8
9,3,2019,0,1.1695906432748537,False,1.022803738317757,-0.034451440592615956,9
10,46,2019,0,1.165772907437631,False,1.0261532710280374,-0.038269176429838625,10
11,46,2019,0,1.1619800139437602,False,1.0295028037383178,-0.04206206992370953,11
12,46,2019,0,1.1475786091347258,False,1.042422429906542,-0.056463474732743935,12
13,5,2019,0,1.1373976342129208,False,1.0517532710280375,-0.06664444965454885,13
14,3,2019,0,1.1258725512272012,False,1.0625196261682242,-0.07816953264026849,14
15,49,2019,0,1.0879025239338556,False,1.099603738317757,-0.11613955993361413,15
16,34,2019,0,1.072731173567904,False,1.115155140186916,-0.13131091029956576,16
1,58,2019,0,1.502403846153846,False,0.8461913338277359,0.2060500428860199,1
2,3,2019,0,1.482799525504152,False,0.8573789596355544,0.18644572223632583,2
3,5,2019,0,1.3161358252171624,False,0.9659497828159762,0.019782021949336315,3
4,39,2019,0,1.2799180852425445,False,0.9932831867782602,-0.016435718025281654,4
5,49,2019,0,1.20598166907863,False,1.0541794681640002,-0.0903721341891961,5
6,35,2019,0,0.9908838684106223,False,1.2830172687784722,-0.30546993485720386,6
1,42,2019,0,1.5810276679841897,False,0.8461053355756001,0.2250414113239143,1
2,46,2019,0,1.5037593984962405,False,0.8895811038067574,0.14777314183596513,2
3,33,2019,0,1.39217597104274,False,0.9608813637058553,0.036189714382464544,3
4,45,2019,0,1.3787398317937405,False,0.9702453753248739,0.022753575133465098,4
5,3,2019,0,1.2858428700012858,False,1.0403416908729552,-0.07014338665898956,5
6,46,2019,0,1.274047649382087,False,1.0499732456810884,-0.08193860727818847,6
7,39,2019,0,1.0763104079216446,False,1.2428718850328695,-0.27967584873863083,7
1,33,2019,0,1.4340001434000142,False,0.837783450968614,0.2050539688525419,1
2,57,2019,0,1.4231330273597325,False,0.8441808079291185,0.1941868528122601,2
3,57,2019,0,1.385377342153569,False,0.8671872653551586,0.15643116760609654,3
4,35,2019,0,1.2683112435791744,False,0.9472293137107674,0.039365069031702005,4
5,30,2019,0,1.215694617512081,False,0.9882264604294939,-0.01325155703539127,5
6,3,2019,0,1.107297087808659,False,1.0849677128698003,-0.12164908673881336,6
7,45,2019,0,1.1001100110011,False,1.0920558642438805,-0.1288361635463724,7
8,55,2019,0,0.8976459235654496,False,1.3383691244931673,-0.33130025098202276,8
1,57,2019,0,1.5726979633561375,False,0.7691278364310582,0.32364039246742893,1
2,3,2019,0,1.4947124546915287,False,0.8092565082461095,0.24565488380282008,2
3,57,2019,0,1.4269915450750954,False,0.847661491821931,0.1779339741863868,3
4,49,2019,0,1.322226629644321,False,0.9148248528627967,0.07316905875561242,4
5,33,2019,0,1.1661807580174928,False,1.0372369579926592,-0.08287681287121584,5
6,39,2019,0,1.0546298249314492,False,1.1469482024124076,-0.19442774595725942,6
7,10,2019,0,0.9828734304739907,False,1.2306831626655177,-0.26618414041471794,7
8,48,2019,0,0.972147960919652,False,1.2442609875675206,-0.27690960996905656,8
1,57,2019,0,1.4614541468761417,True,0.7892687897109572,0.2765103822203898,1
2,33,2019,0,1.321353065539112,True,0.8729537742831603,0.13640930088336,2
3,3,2019,0,1.3035260379326077,True,0.8848922937913932,0.11858227327685578,3
4,16,2019,0,1.0623041376746163,True,1.0858285351763384,-0.12263962698113562,4
5,33,2019,0,1.056579851022241,True,1.0917112839195255,-0.12836391363351085,5
6,39,2019,0,0.9044453488897933,True,1.2753453231186258,-0.2804984157659586,6
1,3,2019,0,1.5127448755767339,True,0.837540781096576,0.23387711620246732,1
2,26,2019,0,1.3666803334700013,True,0.9270533084159515,0.08781257409573473,2
3,18,2019,0,1.3640703860319192,True,0.928827088150518,0.08520262665765266,3
4,48,2019,0,1.325644594684165,True,0.9557505305501885,0.04677683530989851,4
5,5,2019,0,1.212856276531231,True,1.0446295651072188,-0.0660114828430356,5
6,46,2019,0,1.1516756881262238,True,1.1001235310886575,-0.12719207124804277,6
7,49,2019,0,1.1500862564692351,True,1.1016439137182858,-0.12878150290503143,7
8,39,2019,0,1.1471836641046231,True,1.1044312818726048,-0.13168409526964342,8
1,3,2019,0,1.556541365086777,True,0.8625298930144746,0.20633173640099178,1
2,45,2019,0,1.4188422247446084,True,0.9462387245647158,0.06863259605882321,2
3,42,2019,0,1.3850415512465373,True,0.9693308160268513,0.03483192256075207,3
4,5,2019,0,1.3598966478547632,True,0.9872540381791483,0.009687019168977962,4
5,48,2019,0,1.34707348285849,True,0.9966519823788547,-0.003136145827295156,5
6,52,2019,0,1.271617497456765,True,1.0557919026641494,-0.07859213122902031,6
7,16,2019,0,1.2639828098337864,True,1.0621690790853786,-0.08622681885199879,7
8,35,2019,0,1.198681450404555,True,1.1200335640864274,-0.1515281782812301,8
1,3,2019,0,1.6943409013893596,True,0.6506568672485071,0.5282580827087378,1
2,3,2019,0,1.3287270794578792,True,0.8296922370234269,0.16264426077725735,2
3,33,2019,0,1.139017028304573,True,0.9678824069820855,-0.027065790376048726,3
4,5,2019,0,1.0838346068389964,True,1.0171612310519063,-0.08224821184162545,4
5,39,2019,0,0.943930526713234,True,1.1679191548001837,-0.22215229196738784,5
6,33,2019,0,0.8066467693796886,True,1.3666881028938906,-0.3594360493009332,6
1,3,2019,0,1.5421389467190993,True,0.9283796843122517,0.10450348205780435,1
2,18,2019,0,1.5101177891875566,True,0.9480654282544114,0.07248232452626158,2
3,48,2019,0,1.5069318866787222,True,0.9500697949103404,0.06929642201742725,3
4,52,2019,0,1.5042117930204573,True,0.9517878234725653,0.06657632835916227,4
5,17,2019,0,1.43143429716576,True,1.0001789613085652,-0.006201167495534898,5
6,49,2019,0,1.405283867341203,True,1.0187909373993342,-0.032351597320092074,6
7,26,2019,0,1.3274042609676775,True,1.0785640144600739,-0.1102312036936175,7
8,33,2019,0,1.273560876209883,True,1.1241633558824582,-0.1640745884514121,8
1,3,2019,0,1.5861686097232135,True,0.9196014258234495,0.12431833515500146,1
2,42,2019,0,1.5493066852583468,True,0.9414810695499175,0.08745641069013477,2
3,46,2019,0,1.4962220393506398,True,0.9748839923056585,0.03437176478242776,3
4,33,2019,0,1.4408183848425906,True,1.0123711152236736,-0.021031889725621422,4
5,49,2019,0,1.426330052774212,True,1.0226545477751137,-0.03552022179400005,5
6,48,2019,0,1.4095426034251886,True,1.0348342161161808,-0.05230767114302348,6
7,17,2019,0,1.4080540692762602,True,1.0359281983025042,-0.05379620529195184,7
8,46,2019,0,1.3783597518952446,True,1.0582454349035015,-0.08349052267296742,8
1,16,2019,0,1.6354567012838335,True,0.8795627000395585,0.17948096844842998,1
2,57,2019,0,1.6134236850596968,True,0.891574064084583,0.1574479522242933,2
3,3,2019,0,1.59846547314578,True,0.8999172870140613,0.14248974031037642,3
4,48,2019,0,1.522185858893371,True,0.9450138454346028,0.0662101260579675,4
5,33,2019,0,1.484560570071259,True,0.9689646491890531,0.028584837235855476,5
6,46,2019,0,1.3076168682576006,True,1.1000827129859387,-0.1483588645778029,6
7,52,2019,0,1.2600806451612903,True,1.1415830546265329,-0.19589508767411323,7
8,34,2019,0,1.2260160608103967,True,1.1733016866256698,-0.22995967202500678,8
1,3,2019,0,1.6232448664881098,True,0.8371808591958415,0.25486435372959937,1
2,35,2019,0,1.4071624569056498,True,0.9657374849241535,0.03878194414713931,2
3,18,2019,0,1.3860974426502184,True,0.9804141398698805,0.017716929891707922,3
4,5,2019,0,1.3791201213625706,True,0.9853743056617235,0.010739608604060091,4
5,33,2019,0,1.3781697905181918,True,0.9860537804277293,0.009789277759681303,5
6,42,2019,0,1.2981955082435415,True,1.0467988245086548,-0.07018500451496901,6
7,17,2019,0,1.2767315671879986,True,1.0643972209482069,-0.09164894557051184,7
8,26,2019,0,1.1983223487118035,True,1.1340433844638094,-0.17005816404670693,8
1,42,2019,0,1.5664160401002505,True,0.9118046132971508,0.13240169560011328,1
2,26,2019,0,1.5106881184379486,True,0.9454402628008285,0.07667377393781138,2
3,49,2019,0,1.4896469536719799,True,0.9587945440262802,0.05563260917184265,3
4,5,2019,0,1.484230055658627,True,0.9622937941869601,0.05021571115848977,4
5,3,2019,0,1.4279594459517349,True,1.000214239805756,-0.006054898548402354,5
6,16,2019,0,1.3810247203424941,True,1.0342069556523603,-0.05298962415764308,6
7,3,2019,0,1.3163090693694879,True,1.0850532028850963,-0.11770527513064932,7
8,48,2019,0,1.2958403524685758,True,1.102192387345569,-0.13817399203156144,8
1,3,2019,0,1.906395958440568,True,0.7510402777653491,0.4495387518386458,1
2,42,2019,0,1.5881839116969745,True,0.901520371546949,0.13132670509505218,2
3,3,2019,0,1.5403573629081946,True,0.9295116734825368,0.08350015630627228,3
4,52,2019,0,1.408450704225352,True,1.0165639066121397,-0.04840650237657029,4
5,45,2019,0,1.339764201500536,True,1.0686807040778887,-0.11709300510138632,5
6,5,2019,0,1.3354700854700856,True,1.0721169764382679,-0.1213871211318367,6
7,48,2019,0,1.3098434737048923,True,1.0930925556380817,-0.14701373289703001,7
8,46,2019,0,1.2263919548687763,True,1.1674735344387868,-0.23046525173314603,8
1,18,2019,0,1.762580417731559,True,0.8792290183543997,0.2056492363231741,1
2,48,2019,0,1.6813787305590584,True,0.9216911230568066,0.12444754915067358,2
3,3,2019,0,1.5804030027657052,True,0.9805801733740132,0.0234718213573204,3
4,49,2019,0,1.5417823003391922,True,1.0051431062036902,-0.015148881069192655,4
5,26,2019,0,1.538698261270965,True,1.0071577316092788,-0.01823292013741984,5
6,45,2019,0,1.4692918013517484,True,1.05473388541818,-0.0876393800566364,6
7,5,2019,0,1.4488554042306578,True,1.0696111191825268,-0.10807577717772698,7
8,33,2019,0,1.4324595330181922,True,1.0818538428011042,-0.12447164839019265,8
1,3,2019,0,1.8055430170623814,True,0.9180912123660928,0.14278628434308605,1
2,42,2019,0,1.7969451931716083,True,0.9224839932865045,0.13418846045231292,2
3,45,2019,0,1.6919042382201166,True,0.9797559105696111,0.029147505500821236,3
4,5,2019,0,1.6869095816464237,True,0.9826568036302604,0.024152848927128323,4
5,46,2019,0,1.6052652700858816,True,1.0326350469323056,-0.05749146263341376,5
6,3,2019,0,1.5991045014791718,True,1.036613414558339,-0.06365223124012354,6
7,17,2019,0,1.5688735487919674,True,1.056588135347382,-0.09388318392732797,7
8,39,2019,0,1.547508511296812,True,1.0711754833095046,-0.11524822142248325,8
1,45,2019,0,1.3471642193183349,True,0.948474684555183,0.06650175682357728,1
2,17,2019,0,1.3394950103810863,True,0.9539051269765215,0.058832547886328745,2
3,3,2019,0,1.316049220240837,True,0.9708992173774159,0.035386757746079356,3
4,48,2019,0,1.307317710886688,True,0.977383804504073,0.026655248391930453,4
5,33,2019,0,1.300221037576388,True,0.9827184155885642,0.019558575081630503,5
6,33,2019,0,1.2561236025624922,True,1.017217696853538,-0.024538859932265344,6
7,45,2019,0,1.2145134355548808,True,1.0520683596869511,-0.06614902693987679,7
8,46,2019,0,1.1644154634373545,True,1.0973326944577544,-0.1162469990574031,8
